,filename,width,height,class,xmin,ymin,xmax,ymax
0,00000.jpg,1360,800,1,774,411,815,446
1,00001.jpg,1360,800,1,983,388,1024,432
2,00001.jpg,1360,800,1,386,494,442,552
3,00001.jpg,1360,800,1,973,335,1031,390
4,00002.jpg,1360,800,1,892,476,1006,592
5,00003.jpg,1360,800,1,742,443,765,466
6,00003.jpg,1360,800,1,742,466,764,489
7,00003.jpg,1360,800,1,737,412,769,443
8,00004.jpg,1360,800,1,898,342,967,409
9,00004.jpg,1360,800,1,906,407,955,459
10,00005.jpg,1360,800,1,1172,164,1284,278
11,00006.jpg,1360,800,1,926,350,989,414
12,00007.jpg,1360,800,1,825,406,864,445
13,00008.jpg,1360,800,1,785,460,811,486
14,00008.jpg,1360,800,1,779,424,816,461
15,00009.jpg,1360,800,1,925,466,949,490
16,00010.jpg,1360,800,1,1193,358,1269,436
17,00011.jpg,1360,800,1,720,338,770,398
18,00011.jpg,1360,800,1,710,265,780,342
19,00012.jpg,1360,800,1,979,364,1034,418
20,00013.jpg,1360,800,1,1043,281,1120,356
21,00014.jpg,1360,800,1,712,492,732,511
22,00015.jpg,1360,800,1,770,426,808,462
23,00016.jpg,1360,800,1,901,421,959,478
24,00017.jpg,1360,800,1,908,302,1031,408
25,00017.jpg,1360,800,1,575,495,598,515
26,00018.jpg,1360,800,1,950,455,981,486
27,00019.jpg,1360,800,1,838,366,896,422
28,00019.jpg,1360,800,1,845,423,888,465
29,00020.jpg,1360,800,1,825,428,862,463
30,00021.jpg,1360,800,1,825,388,877,437
31,00022.jpg,1360,800,1,667,472,692,497
32,00023.jpg,1360,800,1,998,292,1074,371
33,00023.jpg,1360,800,1,46,350,136,444
34,00023.jpg,1360,800,1,945,435,1006,492
35,00024.jpg,1360,800,1,112,463,143,492
36,00025.jpg,1360,800,1,731,422,772,459
37,00025.jpg,1360,800,1,734,463,767,497
38,00026.jpg,1360,800,1,453,411,492,451
39,00027.jpg,1360,800,1,969,386,1024,441
40,00027.jpg,1360,800,1,102,375,157,430
41,00028.jpg,1360,800,1,775,399,833,453
42,00028.jpg,1360,800,1,391,468,417,494
43,00029.jpg,1360,800,1,1091,393,1133,436
44,00030.jpg,1360,800,1,394,511,420,537
45,00031.jpg,1360,800,1,763,426,812,473
46,00031.jpg,1360,800,1,597,456,628,488
47,00032.jpg,1360,800,1,678,443,707,469
48,00032.jpg,1360,800,1,683,469,703,493
49,00033.jpg,1360,800,1,22,505,88,571
50,00034.jpg,1360,800,1,866,430,899,460
51,00035.jpg,1360,800,1,264,475,302,514
52,00035.jpg,1360,800,1,678,439,714,474
53,00036.jpg,1360,800,1,1133,393,1164,424
54,00036.jpg,1360,800,1,1138,424,1163,450
55,00037.jpg,1360,800,1,668,527,690,548
56,00038.jpg,1360,800,1,1120,444,1142,464
57,00039.jpg,1360,800,1,938,167,1022,251
58,00039.jpg,1360,800,1,953,252,1015,313
59,00040.jpg,1360,800,1,1040,310,1130,400
60,00040.jpg,1360,800,1,1017,202,1141,313
61,00041.jpg,1360,800,1,997,484,1031,517
62,00042.jpg,1360,800,1,916,300,995,374
63,00043.jpg,1360,800,1,1036,296,1097,357
64,00043.jpg,1360,800,1,1047,357,1092,402
65,00043.jpg,1360,800,1,110,444,143,480
66,00044.jpg,1360,800,1,752,403,782,433
67,00045.jpg,1360,800,1,178,504,240,597
68,00046.jpg,1360,800,1,1045,126,1166,247
69,00047.jpg,1360,800,1,553,462,579,488
70,00048.jpg,1360,800,1,780,443,811,474
71,00048.jpg,1360,800,1,771,405,815,443
72,00048.jpg,1360,800,1,341,523,380,562
73,00049.jpg,1360,800,1,993,397,1025,430
74,00049.jpg,1360,800,1,985,354,1028,397
75,00050.jpg,1360,800,1,946,373,967,400
76,00050.jpg,1360,800,1,941,339,972,372
77,00051.jpg,1360,800,1,968,218,1037,287
78,00052.jpg,1360,800,1,833,352,870,389
79,00052.jpg,1360,800,1,829,281,879,331
80,00053.jpg,1360,800,1,1156,333,1196,372
81,00053.jpg,1360,800,1,766,438,799,471
82,00054.jpg,1360,800,1,1113,436,1152,473
83,00054.jpg,1360,800,1,1117,473,1146,502
84,00054.jpg,1360,800,1,974,442,999,467
85,00054.jpg,1360,800,1,456,520,476,540
86,00055.jpg,1360,800,1,702,413,747,455
87,00056.jpg,1360,800,1,729,436,760,467
88,00057.jpg,1360,800,1,990,418,1036,467
89,00058.jpg,1360,800,1,786,394,824,435
90,00059.jpg,1360,800,1,793,400,854,461
91,00060.jpg,1360,800,1,296,508,323,535
92,00060.jpg,1360,800,1,819,441,842,464
93,00061.jpg,1360,800,1,1224,333,1285,394
94,00062.jpg,1360,800,1,826,469,848,492
95,00063.jpg,1360,800,1,815,499,837,521
96,00064.jpg,1360,800,1,786,447,808,470
97,00065.jpg,1360,800,1,973,377,1022,427
98,00066.jpg,1360,800,1,569,483,618,535
99,00067.jpg,1360,800,1,949,435,979,465
100,00068.jpg,1360,800,1,849,458,872,479
101,00069.jpg,1360,800,1,817,459,838,480
102,00070.jpg,1360,800,1,946,300,1026,373
103,00071.jpg,1360,800,1,788,437,828,473
104,00071.jpg,1360,800,1,794,474,822,502
105,00071.jpg,1360,800,1,794,503,821,529
106,00072.jpg,1360,800,1,836,456,858,478
107,00073.jpg,1360,800,1,723,431,752,457
108,00073.jpg,1360,800,1,727,457,748,477
109,00073.jpg,1360,800,1,727,476,749,497
110,00073.jpg,1360,800,1,425,428,456,455
111,00073.jpg,1360,800,1,430,453,452,475
112,00073.jpg,1360,800,1,432,475,452,495
113,00074.jpg,1360,800,1,383,527,421,569
114,00074.jpg,1360,800,1,439,401,488,452
115,00074.jpg,1360,800,1,929,378,981,431
116,00075.jpg,1360,800,1,1120,350,1187,409
117,00075.jpg,1360,800,1,1131,409,1179,456
118,00076.jpg,1360,800,1,784,440,819,472
119,00076.jpg,1360,800,1,789,471,815,495
120,00077.jpg,1360,800,1,951,348,1015,408
121,00077.jpg,1360,800,1,962,408,1011,455
122,00078.jpg,1360,800,1,1211,206,1319,305
123,00078.jpg,1360,800,1,800,462,821,483
124,00079.jpg,1360,800,1,762,459,792,489
125,00080.jpg,1360,800,1,829,381,880,432
126,00081.jpg,1360,800,1,966,228,1044,299
127,00081.jpg,1360,800,1,233,499,249,521
128,00082.jpg,1360,800,1,247,492,331,580
129,00083.jpg,1360,800,1,1054,208,1152,296
130,00083.jpg,1360,800,1,1071,297,1142,368
131,00084.jpg,1360,800,1,707,523,734,551
132,00085.jpg,1360,800,1,846,429,875,458
133,00086.jpg,1360,800,1,944,298,1007,361
134,00087.jpg,1360,800,1,912,435,946,470
135,00087.jpg,1360,800,1,306,421,340,456
136,00088.jpg,1360,800,1,956,464,982,490
137,00088.jpg,1360,800,1,410,464,436,490
138,00088.jpg,1360,800,1,412,440,436,464
139,00088.jpg,1360,800,1,956,440,981,464
140,00089.jpg,1360,800,1,1025,438,1054,468
141,00089.jpg,1360,800,1,634,447,660,474
142,00090.jpg,1360,800,1,966,428,1007,464
143,00091.jpg,1360,800,1,869,443,899,471
144,00091.jpg,1360,800,1,1056,377,1096,414
145,00091.jpg,1360,800,1,509,382,553,422
146,00092.jpg,1360,800,1,718,440,739,462
147,00092.jpg,1360,800,1,420,419,447,446
148,00092.jpg,1360,800,1,423,449,444,470
149,00093.jpg,1360,800,1,344,397,379,436
150,00093.jpg,1360,800,1,1076,339,1119,389
151,00094.jpg,1360,800,1,946,370,995,419
152,00094.jpg,1360,800,1,113,316,189,392
153,00095.jpg,1360,800,1,698,461,719,481
154,00095.jpg,1360,800,1,695,437,723,461
155,00096.jpg,1360,800,1,699,396,738,435
156,00096.jpg,1360,800,1,1140,420,1176,458
157,00097.jpg,1360,800,1,1125,338,1168,378
158,00097.jpg,1360,800,1,288,328,334,368
159,00097.jpg,1360,800,1,148,446,196,499
160,00098.jpg,1360,800,1,1206,244,1296,323
161,00098.jpg,1360,800,1,594,286,668,353
162,00099.jpg,1360,800,1,910,495,953,533
163,00100.jpg,1360,800,1,413,507,451,541
164,00100.jpg,1360,800,1,863,505,902,540
165,00101.jpg,1360,800,1,835,406,891,461
166,00102.jpg,1360,800,1,933,314,990,365
167,00102.jpg,1360,800,1,945,374,984,415
168,00103.jpg,1360,800,1,855,396,890,431
169,00103.jpg,1360,800,1,847,349,897,397
170,00104.jpg,1360,800,1,767,462,808,499
171,00104.jpg,1360,800,1,695,461,730,492
172,00105.jpg,1360,800,1,256,438,303,484
173,00105.jpg,1360,800,1,958,378,1024,440
174,00106.jpg,1360,800,1,902,369,985,443
175,00107.jpg,1360,800,1,486,485,540,537
176,00107.jpg,1360,800,1,490,536,529,576
177,00109.jpg,1360,800,1,990,484,1020,513
178,00110.jpg,1360,800,1,929,489,954,513
179,00111.jpg,1360,800,1,1091,465,1123,497
180,00111.jpg,1360,800,1,350,503,382,535
181,00112.jpg,1360,800,1,366,473,399,508
182,00112.jpg,1360,800,1,1186,475,1225,514
183,00113.jpg,1360,800,1,351,413,419,480
184,00114.jpg,1360,800,1,1169,421,1231,484
185,00115.jpg,1360,800,1,850,218,950,317
186,00115.jpg,1360,800,1,330,523,351,545
187,00116.jpg,1360,800,1,1078,254,1136,312
188,00116.jpg,1360,800,1,383,473,400,502
189,00117.jpg,1360,800,1,99,425,131,466
190,00117.jpg,1360,800,1,438,500,496,558
191,00118.jpg,1360,800,1,229,505,285,564
192,00119.jpg,1360,800,1,847,472,873,496
193,00119.jpg,1360,800,1,1082,393,1120,431
194,00120.jpg,1360,800,1,58,243,164,345
195,00121.jpg,1360,800,1,91,308,185,416
196,00122.jpg,1360,800,1,500,496,521,518
197,00122.jpg,1360,800,1,883,498,904,520
198,00123.jpg,1360,800,1,519,492,550,524
199,00123.jpg,1360,800,1,1101,483,1133,516
200,00124.jpg,1360,800,1,532,481,558,507
201,00124.jpg,1360,800,1,976,470,1002,496
202,00125.jpg,1360,800,1,1019,313,1106,401
203,00126.jpg,1360,800,1,840,374,868,404
204,00126.jpg,1360,800,1,379,365,411,396
205,00127.jpg,1360,800,1,138,385,175,423
206,00127.jpg,1360,800,1,1009,380,1046,417
207,00128.jpg,1360,800,1,1147,397,1180,431
208,00129.jpg,1360,800,1,962,379,1008,426
209,00129.jpg,1360,800,1,866,399,905,439
210,00130.jpg,1360,800,1,209,426,236,453
211,00130.jpg,1360,800,1,601,431,626,456
212,00130.jpg,1360,800,1,318,439,345,467
213,00131.jpg,1360,800,1,1010,430,1034,455
214,00131.jpg,1360,800,1,474,389,500,415
215,00132.jpg,1360,800,1,314,306,393,377
216,00133.jpg,1360,800,1,839,408,861,432
217,00133.jpg,1360,800,1,841,432,858,450
218,00133.jpg,1360,800,1,505,415,522,432
219,00134.jpg,1360,800,1,1008,299,1073,365
220,00135.jpg,1360,800,1,718,298,777,356
221,00136.jpg,1360,800,1,816,401,857,437
222,00137.jpg,1360,800,1,824,324,892,384
223,00138.jpg,1360,800,1,157,179,235,268
224,00138.jpg,1360,800,1,1302,399,1336,432
225,00140.jpg,1360,800,1,247,472,275,501
226,00141.jpg,1360,800,1,857,379,894,416
227,00142.jpg,1360,800,1,816,454,835,473
228,00143.jpg,1360,800,1,241,187,310,256
229,00144.jpg,1360,800,1,708,445,727,464
230,00146.jpg,1360,800,1,1205,122,1327,246
231,00146.jpg,1360,800,1,707,404,732,426
232,00146.jpg,1360,800,1,711,427,729,445
233,00147.jpg,1360,800,1,750,419,784,452
234,00148.jpg,1360,800,1,872,353,943,416
235,00149.jpg,1360,800,1,1131,274,1221,361
236,00149.jpg,1360,800,1,1110,158,1231,273
237,00149.jpg,1360,800,1,703,461,725,483
238,00150.jpg,1360,800,1,824,345,865,386
239,00151.jpg,1360,800,1,794,372,824,401
240,00152.jpg,1360,800,1,605,424,627,447
241,00153.jpg,1360,800,1,307,409,338,440
242,00154.jpg,1360,800,1,692,410,717,436
243,00155.jpg,1360,800,1,425,386,468,431
244,00156.jpg,1360,800,1,819,388,848,417
245,00157.jpg,1360,800,1,262,423,297,460
246,00157.jpg,1360,800,1,885,392,926,432
247,00157.jpg,1360,800,1,650,505,671,526
248,00158.jpg,1360,800,1,907,414,933,440
249,00159.jpg,1360,800,1,974,443,1031,506
250,00159.jpg,1360,800,1,713,476,740,503
251,00159.jpg,1360,800,1,86,473,117,504
252,00159.jpg,1360,800,1,890,466,917,505
253,00160.jpg,1360,800,1,610,388,653,428
254,00161.jpg,1360,800,1,717,445,735,462
255,00162.jpg,1360,800,1,244,430,262,448
256,00162.jpg,1360,800,1,713,433,732,452
257,00162.jpg,1360,800,1,544,444,562,462
258,00163.jpg,1360,800,1,753,473,825,545
259,00164.jpg,1360,800,1,874,375,918,416
260,00165.jpg,1360,800,1,382,412,399,431
261,00165.jpg,1360,800,1,689,292,745,340
262,00166.jpg,1360,800,1,814,382,848,416
263,00167.jpg,1360,800,1,369,446,392,469
264,00167.jpg,1360,800,1,729,433,750,455
265,00168.jpg,1360,800,1,693,419,719,442
266,00169.jpg,1360,800,1,1089,153,1212,276
267,00170.jpg,1360,800,1,912,322,944,358
268,00171.jpg,1360,800,1,882,335,932,385
269,00171.jpg,1360,800,1,883,385,932,433
270,00172.jpg,1360,800,1,712,471,740,495
271,00172.jpg,1360,800,1,718,418,737,437
272,00173.jpg,1360,800,1,1111,279,1161,329
273,00174.jpg,1360,800,1,718,413,753,444
274,00174.jpg,1360,800,1,723,443,747,467
275,00174.jpg,1360,800,1,801,302,860,364
276,00175.jpg,1360,800,1,893,341,944,396
277,00176.jpg,1360,800,1,850,414,875,440
278,00177.jpg,1360,800,1,271,416,313,458
279,00177.jpg,1360,800,1,746,423,785,462
280,00177.jpg,1360,800,1,502,451,519,468
281,00177.jpg,1360,800,1,1271,402,1308,437
282,00178.jpg,1360,800,1,728,456,748,476
283,00179.jpg,1360,800,1,686,421,707,440
284,00180.jpg,1360,800,1,968,384,1004,421
285,00181.jpg,1360,800,1,793,299,853,359
286,00182.jpg,1360,800,1,656,412,685,441
287,00182.jpg,1360,800,1,658,385,686,414
288,00183.jpg,1360,800,1,766,369,806,406
289,00184.jpg,1360,800,1,790,273,850,334
290,00185.jpg,1360,800,1,967,150,1076,257
291,00186.jpg,1360,800,1,603,455,621,474
292,00186.jpg,1360,800,1,325,428,345,448
293,00186.jpg,1360,800,1,602,433,625,456
294,00187.jpg,1360,800,1,675,405,709,439
295,00187.jpg,1360,800,1,161,393,194,428
296,00188.jpg,1360,800,1,705,379,752,422
297,00189.jpg,1360,800,1,853,339,917,394
298,00190.jpg,1360,800,1,670,400,689,421
299,00191.jpg,1360,800,1,693,406,728,439
300,00192.jpg,1360,800,1,492,414,516,437
301,00192.jpg,1360,800,1,314,440,334,461
302,00192.jpg,1360,800,1,662,262,738,339
303,00193.jpg,1360,800,1,727,224,834,331
304,00194.jpg,1360,800,1,718,306,787,369
305,00195.jpg,1360,800,1,1040,155,1161,268
306,00195.jpg,1360,800,1,784,398,820,430
307,00196.jpg,1360,800,1,726,316,787,370
308,00196.jpg,1360,800,1,734,370,778,416
309,00196.jpg,1360,800,1,534,471,558,496
310,00197.jpg,1360,800,1,867,278,956,361
311,00198.jpg,1360,800,1,681,438,699,456
312,00198.jpg,1360,800,1,678,412,702,435
313,00199.jpg,1360,800,1,826,322,882,374
314,00200.jpg,1360,800,1,840,287,915,364
315,00200.jpg,1360,800,1,849,364,901,416
316,00200.jpg,1360,800,1,648,410,670,433
317,00200.jpg,1360,800,1,257,403,281,428
318,00201.jpg,1360,800,1,762,352,812,397
319,00202.jpg,1360,800,1,657,319,702,365
320,00202.jpg,1360,800,1,56,315,104,363
321,00203.jpg,1360,800,1,758,375,784,400
322,00204.jpg,1360,800,1,858,151,946,242
323,00204.jpg,1360,800,1,730,260,783,316
324,00205.jpg,1360,800,1,1202,332,1326,449
325,00206.jpg,1360,800,1,61,105,135,178
326,00206.jpg,1360,800,1,1159,197,1224,261
327,00206.jpg,1360,800,1,827,471,847,493
328,00206.jpg,1360,800,1,55,8,164,103
329,00206.jpg,1360,800,1,1144,118,1235,196
330,00207.jpg,1360,800,1,870,313,942,378
331,00208.jpg,1360,800,1,638,239,732,319
332,00209.jpg,1360,800,1,1110,287,1170,348
333,00209.jpg,1360,800,1,1097,210,1184,287
334,00210.jpg,1360,800,1,1017,418,1038,443
335,00210.jpg,1360,800,1,1011,385,1043,418
336,00211.jpg,1360,800,1,667,410,705,445
337,00212.jpg,1360,800,1,293,427,315,450
338,00212.jpg,1360,800,1,721,381,749,408
339,00212.jpg,1360,800,1,756,402,782,430
340,00214.jpg,1360,800,1,1185,130,1295,236
341,00214.jpg,1360,800,1,1214,241,1288,312
342,00215.jpg,1360,800,1,784,480,804,500
343,00216.jpg,1360,800,1,312,442,337,467
344,00216.jpg,1360,800,1,886,446,911,472
345,00217.jpg,1360,800,1,971,267,1031,328
346,00218.jpg,1360,800,1,808,437,827,456
347,00219.jpg,1360,800,1,1080,270,1155,340
348,00219.jpg,1360,800,1,1089,345,1144,401
349,00220.jpg,1360,800,1,1127,285,1168,326
350,00221.jpg,1360,800,1,988,420,1042,470
351,00222.jpg,1360,800,1,985,354,1022,390
352,00223.jpg,1360,800,1,816,334,858,374
353,00224.jpg,1360,800,1,932,188,1024,278
354,00224.jpg,1360,800,1,923,276,977,341
355,00224.jpg,1360,800,1,977,263,1042,333
356,00225.jpg,1360,800,1,856,268,924,334
357,00226.jpg,1360,800,1,1152,224,1220,290
358,00227.jpg,1360,800,1,1228,259,1306,329
359,00228.jpg,1360,800,1,937,295,998,356
360,00229.jpg,1360,800,1,1282,339,1332,383
361,00229.jpg,1360,800,1,1273,384,1305,417
362,00229.jpg,1360,800,1,1305,382,1341,414
363,00230.jpg,1360,800,1,974,398,1002,426
364,00230.jpg,1360,800,1,968,426,1007,463
365,00231.jpg,1360,800,1,1146,362,1183,399
366,00232.jpg,1360,800,1,589,495,617,524
367,00232.jpg,1360,800,1,868,379,910,419
368,00232.jpg,1360,800,1,297,420,340,459
369,00233.jpg,1360,800,1,325,485,358,517
370,00234.jpg,1360,800,1,1051,275,1115,338
371,00236.jpg,1360,800,1,1081,274,1199,402
372,00237.jpg,1360,800,1,822,361,854,393
373,00237.jpg,1360,800,1,290,389,323,422
374,00238.jpg,1360,800,1,842,400,881,435
375,00238.jpg,1360,800,1,849,443,877,471
376,00239.jpg,1360,800,1,788,411,814,436
377,00239.jpg,1360,800,1,792,439,812,458
378,00239.jpg,1360,800,1,827,412,855,441
379,00240.jpg,1360,800,1,847,364,879,396
380,00241.jpg,1360,800,1,838,400,880,442
381,00242.jpg,1360,800,1,848,388,870,413
382,00242.jpg,1360,800,1,1195,267,1302,366
383,00243.jpg,1360,800,1,843,447,867,470
384,00244.jpg,1360,800,1,491,390,530,429
385,00244.jpg,1360,800,1,1238,349,1282,394
386,00245.jpg,1360,800,1,477,442,499,464
387,00245.jpg,1360,800,1,851,438,874,461
388,00246.jpg,1360,800,1,311,381,354,425
389,00246.jpg,1360,800,1,1091,354,1134,396
390,00247.jpg,1360,800,1,471,453,492,474
391,00247.jpg,1360,800,1,856,448,877,469
392,00248.jpg,1360,800,1,204,452,229,479
393,00248.jpg,1360,800,1,843,429,870,456
394,00249.jpg,1360,800,1,1212,419,1244,452
395,00250.jpg,1360,800,1,100,423,168,495
396,00250.jpg,1360,800,1,907,446,932,471
397,00251.jpg,1360,800,1,116,425,208,520
398,00252.jpg,1360,800,1,915,389,960,434
399,00252.jpg,1360,800,1,910,326,956,372
400,00253.jpg,1360,800,1,1186,134,1301,244
401,00254.jpg,1360,800,1,1172,270,1237,336
402,00254.jpg,1360,800,1,1264,368,1295,398
403,00255.jpg,1360,800,1,183,503,260,581
404,00256.jpg,1360,800,1,1105,42,1232,153
405,00257.jpg,1360,800,1,1237,334,1295,387
406,00257.jpg,1360,800,1,1079,388,1119,423
407,00258.jpg,1360,800,1,745,469,777,501
408,00258.jpg,1360,800,1,346,490,381,522
409,00259.jpg,1360,800,1,1202,329,1247,374
410,00260.jpg,1360,800,1,720,266,784,330
411,00261.jpg,1360,800,1,1150,250,1208,311
412,00262.jpg,1360,800,1,894,282,953,341
413,00262.jpg,1360,800,1,1042,37,1146,139
414,00263.jpg,1360,800,1,646,417,666,437
415,00264.jpg,1360,800,1,964,412,988,435
416,00264.jpg,1360,800,1,965,435,988,458
417,00264.jpg,1360,800,1,509,466,531,488
418,00265.jpg,1360,800,1,800,426,831,456
419,00265.jpg,1360,800,1,783,446,804,464
420,00265.jpg,1360,800,1,805,458,827,480
421,00266.jpg,1360,800,1,242,450,293,501
422,00267.jpg,1360,800,1,834,380,856,402
423,00267.jpg,1360,800,1,859,387,886,414
424,00268.jpg,1360,800,1,891,396,917,422
425,00269.jpg,1360,800,1,966,430,990,454
426,00270.jpg,1360,800,1,1238,331,1291,385
427,00270.jpg,1360,800,1,243,335,293,386
428,00270.jpg,1360,800,1,1237,279,1291,332
429,00271.jpg,1360,800,1,259,369,297,408
430,00271.jpg,1360,800,1,1090,341,1130,381
431,00272.jpg,1360,800,1,1223,315,1297,385
432,00272.jpg,1360,800,1,310,398,377,461
433,00273.jpg,1360,800,1,1080,286,1145,343
434,00274.jpg,1360,800,1,975,395,1011,430
435,00275.jpg,1360,800,1,1196,342,1237,384
436,00275.jpg,1360,800,1,206,410,238,445
437,00276.jpg,1360,800,1,798,346,845,388
438,00276.jpg,1360,800,1,109,464,153,517
439,00277.jpg,1360,800,1,1048,399,1071,422
440,00278.jpg,1360,800,1,922,389,951,419
441,00278.jpg,1360,800,1,915,354,955,390
442,00279.jpg,1360,800,1,617,484,673,540
443,00280.jpg,1360,800,1,1054,392,1083,422
444,00280.jpg,1360,800,1,1131,357,1182,408
445,00281.jpg,1360,800,1,982,363,1016,393
446,00281.jpg,1360,800,1,984,392,1017,425
447,00282.jpg,1360,800,1,869,414,901,444
448,00283.jpg,1360,800,1,1177,114,1284,219
449,00284.jpg,1360,800,1,980,269,1059,347
450,00284.jpg,1360,800,1,993,347,1051,404
451,00285.jpg,1360,800,1,1091,304,1146,359
452,00286.jpg,1360,800,1,1015,360,1044,389
453,00287.jpg,1360,800,1,1113,370,1154,411
454,00288.jpg,1360,800,1,413,456,436,479
455,00288.jpg,1360,800,1,983,438,1006,462
456,00289.jpg,1360,800,1,285,401,326,444
457,00289.jpg,1360,800,1,1282,379,1326,424
458,00290.jpg,1360,800,1,1294,391,1326,428
459,00291.jpg,1360,800,1,1129,384,1165,422
460,00292.jpg,1360,800,1,982,422,1011,451
461,00292.jpg,1360,800,1,315,447,345,476
462,00293.jpg,1360,800,1,28,410,70,456
463,00293.jpg,1360,800,1,1143,365,1193,415
464,00294.jpg,1360,800,1,101,405,153,453
465,00294.jpg,1360,800,1,1173,326,1231,381
466,00295.jpg,1360,800,1,1227,364,1272,411
467,00295.jpg,1360,800,1,98,417,142,463
468,00296.jpg,1360,800,1,460,409,492,442
469,00296.jpg,1360,800,1,1237,385,1269,417
470,00297.jpg,1360,800,1,1015,444,1042,468
471,00297.jpg,1360,800,1,593,443,620,466
472,00298.jpg,1360,800,1,1220,168,1327,264
473,00298.jpg,1360,800,1,1238,256,1314,331
474,00298.jpg,1360,800,1,69,445,107,475
475,00299.jpg,1360,800,1,1245,247,1304,306
476,00300.jpg,1360,800,1,680,430,710,458
477,00300.jpg,1360,800,1,779,420,801,443
478,00301.jpg,1360,800,1,1062,260,1131,324
479,00301.jpg,1360,800,1,1075,318,1125,368
480,00302.jpg,1360,800,1,1123,333,1163,373
481,00303.jpg,1360,800,1,1186,385,1215,414
482,00304.jpg,1360,800,1,504,385,553,434
483,00305.jpg,1360,800,1,765,368,827,422
484,00305.jpg,1360,800,1,549,348,597,393
485,00306.jpg,1360,800,1,1047,420,1084,455
486,00306.jpg,1360,800,1,353,471,389,505
487,00307.jpg,1360,800,1,457,474,488,505
488,00307.jpg,1360,800,1,795,454,827,487
489,00307.jpg,1360,800,1,892,417,934,457
490,00307.jpg,1360,800,1,829,453,862,486
491,00309.jpg,1360,800,1,180,388,220,431
492,00309.jpg,1360,800,1,1159,353,1203,398
493,00310.jpg,1360,800,1,285,426,317,459
494,00310.jpg,1360,800,1,1150,390,1188,427
495,00311.jpg,1360,800,1,616,424,650,458
496,00311.jpg,1360,800,1,1295,391,1329,425
497,00312.jpg,1360,800,1,122,267,225,379
498,00312.jpg,1360,800,1,1226,411,1249,433
499,00312.jpg,1360,800,1,677,434,699,453
500,00313.jpg,1360,800,1,369,414,424,470
501,00314.jpg,1360,800,1,1213,398,1247,434
502,00314.jpg,1360,800,1,396,451,429,485
503,00315.jpg,1360,800,1,1267,373,1310,419
504,00315.jpg,1360,800,1,172,414,213,462
505,00316.jpg,1360,800,1,693,413,719,437
506,00316.jpg,1360,800,1,696,436,719,458
507,00316.jpg,1360,800,1,994,395,1022,420
508,00316.jpg,1360,800,1,995,421,1020,445
509,00317.jpg,1360,800,1,1122,378,1166,421
510,00318.jpg,1360,800,1,631,451,657,477
511,00318.jpg,1360,800,1,779,481,800,502
512,00319.jpg,1360,800,1,1201,403,1248,450
513,00319.jpg,1360,800,1,569,436,612,481
514,00320.jpg,1360,800,1,175,438,202,466
515,00320.jpg,1360,800,1,921,403,951,434
516,00322.jpg,1360,800,1,1166,327,1209,370
517,00322.jpg,1360,800,1,338,406,381,449
518,00323.jpg,1360,800,1,398,437,425,464
519,00323.jpg,1360,800,1,854,438,881,466
520,00330.jpg,1360,800,1,1050,313,1116,381
521,00333.jpg,1360,800,1,116,414,176,477
522,00333.jpg,1360,800,1,753,387,808,445
523,00334.jpg,1360,800,1,323,452,369,498
524,00334.jpg,1360,800,1,760,435,797,472
525,00337.jpg,1360,800,1,901,408,932,438
526,00338.jpg,1360,800,1,504,397,538,427
527,00338.jpg,1360,800,1,505,425,536,453
528,00338.jpg,1360,800,1,998,397,1031,426
529,00338.jpg,1360,800,1,1000,426,1029,453
530,00339.jpg,1360,800,1,627,442,660,476
531,00339.jpg,1360,800,1,969,414,1021,463
532,00340.jpg,1360,800,1,827,543,851,567
533,00340.jpg,1360,800,1,827,521,852,546
534,00340.jpg,1360,800,1,827,543,851,567
535,00341.jpg,1360,800,1,923,465,997,533
536,00343.jpg,1360,800,1,802,531,829,558
537,00343.jpg,1360,800,1,483,507,512,536
538,00344.jpg,1360,800,1,799,413,879,494
539,00346.jpg,1360,800,1,291,541,321,571
540,00346.jpg,1360,800,1,883,542,911,570
541,00347.jpg,1360,800,1,913,545,970,597
542,00348.jpg,1360,800,1,952,524,990,562
543,00349.jpg,1360,800,1,53,455,114,514
544,00349.jpg,1360,800,1,1244,465,1312,534
545,00350.jpg,1360,800,1,475,543,508,576
546,00350.jpg,1360,800,1,1092,542,1125,573
547,00351.jpg,1360,800,1,511,533,538,560
548,00352.jpg,1360,800,1,969,549,996,576
549,00352.jpg,1360,800,1,528,553,555,580
550,00353.jpg,1360,800,1,836,554,860,578
551,00353.jpg,1360,800,1,456,559,477,581
552,00355.jpg,1360,800,1,474,537,507,570
553,00356.jpg,1360,800,1,946,520,1004,573
554,00356.jpg,1360,800,1,249,499,310,555
555,00357.jpg,1360,800,1,1095,524,1130,560
556,00357.jpg,1360,800,1,463,528,500,565
557,00358.jpg,1360,800,1,316,490,374,549
558,00359.jpg,1360,800,1,879,559,903,583
559,00359.jpg,1360,800,1,467,560,492,585
560,00360.jpg,1360,800,1,1032,484,1076,528
561,00360.jpg,1360,800,1,253,502,296,545
562,00362.jpg,1360,800,1,252,470,370,574
563,00363.jpg,1360,800,1,407,483,450,526
564,00363.jpg,1360,800,1,409,525,453,568
565,00366.jpg,1360,800,1,517,530,540,553
566,00366.jpg,1360,800,1,518,553,541,576
567,00366.jpg,1360,800,1,988,550,1014,573
568,00366.jpg,1360,800,1,988,574,1015,597
569,00367.jpg,1360,800,1,1028,501,1068,541
570,00367.jpg,1360,800,1,1028,542,1071,583
571,00367.jpg,1360,800,1,230,488,274,530
572,00367.jpg,1360,800,1,235,533,276,573
573,00368.jpg,1360,800,1,382,460,431,510
574,00368.jpg,1360,800,1,378,509,431,561
575,00369.jpg,1360,800,1,521,544,542,564
576,00369.jpg,1360,800,1,520,564,543,585
577,00369.jpg,1360,800,1,874,532,895,551
578,00369.jpg,1360,800,1,875,550,896,571
579,00370.jpg,1360,800,1,880,536,904,559
580,00370.jpg,1360,800,1,880,558,907,584
581,00370.jpg,1360,800,1,440,531,467,554
582,00370.jpg,1360,800,1,442,553,468,578
583,00371.jpg,1360,800,1,316,521,372,577
584,00372.jpg,1360,800,1,974,486,1017,529
585,00373.jpg,1360,800,1,164,517,195,548
586,00373.jpg,1360,800,1,819,511,853,545
587,00374.jpg,1360,800,1,999,527,1031,560
588,00374.jpg,1360,800,1,671,563,696,589
589,00375.jpg,1360,800,1,1229,521,1255,545
590,00376.jpg,1360,800,1,266,487,309,530
591,00376.jpg,1360,800,1,989,510,1031,552
592,00377.jpg,1360,800,1,1133,504,1172,543
593,00377.jpg,1360,800,1,239,490,278,531
594,00377.jpg,1360,800,1,1133,543,1172,582
595,00377.jpg,1360,800,1,236,532,277,573
596,00378.jpg,1360,800,1,23,362,142,480
597,00378.jpg,1360,800,1,22,242,145,362
598,00379.jpg,1360,800,1,186,458,232,504
599,00379.jpg,1360,800,1,1064,488,1112,536
600,00379.jpg,1360,800,1,185,503,232,550
601,00379.jpg,1360,800,1,1062,442,1109,489
602,00380.jpg,1360,800,1,551,559,575,583
603,00380.jpg,1360,800,1,953,564,976,587
604,00380.jpg,1360,800,1,952,540,975,563
605,00380.jpg,1360,800,1,551,535,575,559
606,00382.jpg,1360,800,1,445,490,485,530
607,00382.jpg,1360,800,1,446,529,485,568
608,00382.jpg,1360,800,1,1209,496,1248,535
609,00382.jpg,1360,800,1,1211,533,1250,572
610,00383.jpg,1360,800,1,527,546,561,575
611,00383.jpg,1360,800,1,988,542,1021,571
612,00384.jpg,1360,800,1,1199,416,1263,480
613,00384.jpg,1360,800,1,1202,479,1267,544
614,00385.jpg,1360,800,1,977,529,1016,568
615,00385.jpg,1360,800,1,267,531,307,571
616,00386.jpg,1360,800,1,555,561,580,586
617,00386.jpg,1360,800,1,977,550,1000,573
618,00387.jpg,1360,800,1,411,499,477,563
619,00387.jpg,1360,800,1,1185,484,1251,547
620,00388.jpg,1360,800,1,1274,497,1346,561
621,00390.jpg,1360,800,1,455,502,503,550
622,00390.jpg,1360,800,1,1219,494,1265,541
623,00391.jpg,1360,800,1,1260,502,1304,551
624,00391.jpg,1360,800,1,198,508,247,558
625,00392.jpg,1360,800,1,358,443,423,512
626,00393.jpg,1360,800,1,278,484,373,571
627,00395.jpg,1360,800,1,201,519,241,561
628,00395.jpg,1360,800,1,903,519,938,555
629,00396.jpg,1360,800,1,192,484,238,531
630,00396.jpg,1360,800,1,998,468,1046,516
631,00397.jpg,1360,800,1,949,559,983,593
632,00397.jpg,1360,800,1,947,524,982,559
633,00398.jpg,1360,800,1,769,517,796,540
634,00398.jpg,1360,800,1,771,538,795,560
635,00398.jpg,1360,800,1,772,558,796,582
636,00400.jpg,1360,800,1,1236,480,1290,528
637,00401.jpg,1360,800,1,420,496,461,537
638,00401.jpg,1360,800,1,1122,497,1163,538
639,00402.jpg,1360,800,1,1094,500,1132,538
640,00403.jpg,1360,800,1,568,563,591,587
641,00403.jpg,1360,800,1,940,558,966,584
642,00403.jpg,1360,800,1,568,540,592,564
643,00403.jpg,1360,800,1,939,532,965,559
644,00404.jpg,1360,800,1,335,415,396,476
645,00404.jpg,1360,800,1,1255,415,1312,472
646,00405.jpg,1360,800,1,1255,470,1309,525
647,00405.jpg,1360,800,1,355,444,411,499
648,00405.jpg,1360,800,1,1249,397,1317,470
649,00406.jpg,1360,800,1,520,554,551,581
650,00406.jpg,1360,800,1,852,544,879,570
651,00406.jpg,1360,800,1,1046,503,1097,551
652,00406.jpg,1360,800,1,284,514,333,559
653,00408.jpg,1360,800,1,128,463,212,539
654,00408.jpg,1360,800,1,1132,479,1210,549
655,00410.jpg,1360,800,1,367,615,423,671
656,00411.jpg,1360,800,1,185,602,238,662
657,00411.jpg,1360,800,1,110,557,139,588
658,00411.jpg,1360,800,1,496,552,529,587
659,00412.jpg,1360,800,1,1002,499,1047,545
660,00413.jpg,1360,800,1,1038,480,1084,529
661,00414.jpg,1360,800,1,1032,421,1078,468
662,00415.jpg,1360,800,1,827,549,849,571
663,00416.jpg,1360,800,1,813,505,851,543
664,00417.jpg,1360,800,1,29,448,129,539
665,00418.jpg,1360,800,1,455,537,488,566
666,00418.jpg,1360,800,1,460,563,482,585
667,00419.jpg,1360,800,1,979,489,1025,537
668,00420.jpg,1360,800,1,828,542,851,565
669,00420.jpg,1360,800,1,361,548,383,570
670,00421.jpg,1360,800,1,946,554,976,581
671,00422.jpg,1360,800,1,599,567,624,591
672,00423.jpg,1360,800,1,365,469,451,547
673,00423.jpg,1360,800,1,1151,445,1245,533
674,00425.jpg,1360,800,1,302,503,342,543
675,00425.jpg,1360,800,1,900,500,941,541
676,00425.jpg,1360,800,1,302,543,342,583
677,00425.jpg,1360,800,1,903,541,944,582
678,00426.jpg,1360,800,1,1077,391,1197,502
679,00427.jpg,1360,800,1,294,383,388,479
680,00428.jpg,1360,800,1,325,548,353,576
681,00428.jpg,1360,800,1,937,543,966,572
682,00430.jpg,1360,800,1,929,414,1008,488
683,00431.jpg,1360,800,1,275,527,314,564
684,00431.jpg,1360,800,1,1141,496,1179,536
685,00432.jpg,1360,800,1,237,560,263,586
686,00432.jpg,1360,800,1,942,512,970,540
687,00433.jpg,1360,800,1,510,529,566,583
688,00434.jpg,1360,800,1,167,194,257,286
689,00435.jpg,1360,800,1,834,535,862,564
690,00436.jpg,1360,800,1,794,531,816,553
691,00438.jpg,1360,800,1,533,559,554,580
692,00438.jpg,1360,800,1,841,556,862,577
693,00439.jpg,1360,800,1,1194,504,1251,564
694,00440.jpg,1360,800,1,1243,492,1324,562
695,00441.jpg,1360,800,1,1063,531,1112,580
696,00443.jpg,1360,800,1,817,550,847,578
697,00443.jpg,1360,800,1,823,579,843,598
698,00443.jpg,1360,800,1,470,551,502,578
699,00443.jpg,1360,800,1,477,578,497,596
700,00444.jpg,1360,800,1,379,528,427,573
701,00444.jpg,1360,800,1,964,531,1009,573
702,00444.jpg,1360,800,1,389,569,419,600
703,00444.jpg,1360,800,1,972,572,1001,601
704,00445.jpg,1360,800,1,1021,498,1066,544
705,00445.jpg,1360,800,1,213,519,254,561
706,00446.jpg,1360,800,1,401,507,441,544
707,00446.jpg,1360,800,1,767,497,803,530
708,00446.jpg,1360,800,1,774,568,807,601
709,00447.jpg,1360,800,1,1182,418,1268,495
710,00448.jpg,1360,800,1,581,598,602,620
711,00449.jpg,1360,800,1,212,468,254,507
712,00449.jpg,1360,800,1,812,448,853,486
713,00450.jpg,1360,800,1,1104,359,1181,429
714,00451.jpg,1360,800,1,790,558,819,585
715,00452.jpg,1360,800,1,876,543,914,578
716,00453.jpg,1360,800,1,1215,332,1302,407
717,00453.jpg,1360,800,1,895,497,922,524
718,00453.jpg,1360,800,1,224,407,279,457
719,00455.jpg,1360,800,1,1094,362,1184,442
720,00456.jpg,1360,800,1,421,414,476,470
721,00457.jpg,1360,800,1,1243,418,1301,475
722,00457.jpg,1360,800,1,517,466,554,504
723,00458.jpg,1360,800,1,989,493,1018,525
724,00459.jpg,1360,800,1,877,515,912,548
725,00459.jpg,1360,800,1,884,548,909,573
726,00460.jpg,1360,800,1,829,456,859,484
727,00460.jpg,1360,800,1,831,481,862,512
728,00461.jpg,1360,800,1,1231,264,1302,331
729,00463.jpg,1360,800,1,555,628,585,659
730,00465.jpg,1360,800,1,1241,315,1331,395
731,00466.jpg,1360,800,1,1215,399,1267,443
732,00466.jpg,1360,800,1,514,468,548,497
733,00466.jpg,1360,800,1,1226,440,1263,475
734,00466.jpg,1360,800,1,519,494,543,518
735,00467.jpg,1360,800,1,1132,501,1168,537
736,00468.jpg,1360,800,1,1128,506,1165,544
737,00470.jpg,1360,800,1,823,489,847,513
738,00470.jpg,1360,800,1,904,514,938,549
739,00470.jpg,1360,800,1,1135,218,1248,331
740,00471.jpg,1360,800,1,789,491,817,520
741,00472.jpg,1360,800,1,880,500,925,544
742,00473.jpg,1360,800,1,507,532,540,565
743,00473.jpg,1360,800,1,1152,506,1184,538
744,00474.jpg,1360,800,1,1242,549,1274,581
745,00474.jpg,1360,800,1,514,569,545,600
746,00475.jpg,1360,800,1,1233,468,1310,543
747,00476.jpg,1360,800,1,163,518,199,555
748,00476.jpg,1360,800,1,1152,523,1187,558
749,00477.jpg,1360,800,1,298,506,338,546
750,00478.jpg,1360,800,1,921,470,963,512
751,00478.jpg,1360,800,1,218,483,258,523
752,00479.jpg,1360,800,1,982,498,1025,539
753,00479.jpg,1360,800,1,990,539,1020,569
754,00480.jpg,1360,800,1,1055,444,1103,492
755,00481.jpg,1360,800,1,908,502,944,535
756,00482.jpg,1360,800,1,732,526,768,564
757,00482.jpg,1360,800,1,260,528,296,570
758,00482.jpg,1360,800,1,283,564,303,590
759,00482.jpg,1360,800,1,1055,566,1071,587
760,00483.jpg,1360,800,1,150,510,203,563
761,00483.jpg,1360,800,1,1182,531,1232,583
762,00484.jpg,1360,800,1,339,509,372,542
763,00484.jpg,1360,800,1,1002,529,1035,563
764,00485.jpg,1360,800,1,203,377,278,454
765,00486.jpg,1360,800,1,410,519,465,574
766,00487.jpg,1360,800,1,625,606,644,625
767,00488.jpg,1360,800,1,494,611,516,633
768,00490.jpg,1360,800,1,842,516,870,539
769,00490.jpg,1360,800,1,644,596,668,620
770,00490.jpg,1360,800,1,847,536,867,556
771,00491.jpg,1360,800,1,430,568,488,637
772,00492.jpg,1360,800,1,893,528,923,557
773,00493.jpg,1360,800,1,910,450,966,501
774,00494.jpg,1360,800,1,1113,300,1211,395
775,00496.jpg,1360,800,1,511,494,552,536
776,00496.jpg,1360,800,1,509,535,550,576
777,00497.jpg,1360,800,1,392,611,425,651
778,00498.jpg,1360,800,1,249,586,298,634
779,00498.jpg,1360,800,1,248,482,292,526
780,00499.jpg,1360,800,1,1009,497,1056,539
781,00500.jpg,1360,800,1,952,499,1000,546
782,00501.jpg,1360,800,1,943,557,962,577
783,00501.jpg,1360,800,1,610,558,628,577
784,00501.jpg,1360,800,1,120,282,227,386
785,00501.jpg,1360,800,1,107,637,216,748
786,00502.jpg,1360,800,1,57,556,85,584
787,00502.jpg,1360,800,1,579,555,606,582
788,00502.jpg,1360,800,1,558,577,592,611
789,00503.jpg,1360,800,1,354,579,423,650
790,00504.jpg,1360,800,1,379,595,410,627
791,00505.jpg,1360,800,1,1052,480,1092,521
792,00507.jpg,1360,800,1,878,473,933,524
793,00507.jpg,1360,800,1,657,587,673,605
794,00508.jpg,1360,800,1,865,495,908,534
795,00509.jpg,1360,800,1,833,487,877,527
796,00512.jpg,1360,800,1,230,486,270,522
797,00512.jpg,1360,800,1,1139,490,1179,530
798,00513.jpg,1360,800,1,142,501,197,556
799,00514.jpg,1360,800,1,381,511,418,548
800,00514.jpg,1360,800,1,1168,491,1206,530
801,00515.jpg,1360,800,1,257,361,333,435
802,00516.jpg,1360,800,1,240,275,298,333
803,00517.jpg,1360,800,1,271,422,345,496
804,00518.jpg,1360,800,1,451,526,499,574
805,00519.jpg,1360,800,1,454,531,507,584
806,00520.jpg,1360,800,1,380,507,436,565
807,00521.jpg,1360,800,1,377,574,405,604
808,00521.jpg,1360,800,1,946,565,976,595
809,00523.jpg,1360,800,1,1285,512,1330,555
810,00523.jpg,1360,800,1,455,515,502,562
811,00524.jpg,1360,800,1,187,530,241,584
812,00524.jpg,1360,800,1,1219,528,1271,580
813,00527.jpg,1360,800,1,874,426,904,456
814,00527.jpg,1360,800,1,359,420,389,450
815,00528.jpg,1360,800,1,985,339,1026,380
816,00528.jpg,1360,800,1,166,415,205,455
817,00530.jpg,1360,800,1,425,401,460,435
818,00530.jpg,1360,800,1,1010,401,1043,434
819,00531.jpg,1360,800,1,484,443,504,463
820,00531.jpg,1360,800,1,909,431,931,453
821,00536.jpg,1360,800,1,27,428,57,458
822,00536.jpg,1360,800,1,327,452,353,478
823,00536.jpg,1360,800,1,724,479,740,495
824,00542.jpg,1360,800,1,842,440,866,464
825,00544.jpg,1360,800,1,1054,297,1122,358
826,00544.jpg,1360,800,1,990,425,1028,459
827,00544.jpg,1360,800,1,744,438,762,458
828,00545.jpg,1360,800,1,213,435,247,474
829,00548.jpg,1360,800,1,775,432,811,468
830,00548.jpg,1360,800,1,782,469,807,494
831,00551.jpg,1360,800,1,937,465,966,493
832,00552.jpg,1360,800,1,537,512,554,529
833,00552.jpg,1360,800,1,538,528,554,544
834,00552.jpg,1360,800,1,814,508,832,526
835,00552.jpg,1360,800,1,815,525,831,541
836,00554.jpg,1360,800,1,947,472,984,507
837,00556.jpg,1360,800,1,1195,499,1253,557
838,00557.jpg,1360,800,1,273,462,317,502
839,00557.jpg,1360,800,1,458,461,506,508
840,00560.jpg,1360,800,1,1039,173,1099,233
841,00564.jpg,1360,800,1,755,368,799,408
842,00565.jpg,1360,800,1,731,336,764,370
843,00566.jpg,1360,800,1,655,395,689,429
844,00566.jpg,1360,800,1,124,419,156,451
845,00566.jpg,1360,800,1,461,489,481,508
846,00567.jpg,1360,800,1,1050,409,1109,460
847,00570.jpg,1360,800,1,881,416,914,449
848,00571.jpg,1360,800,1,1287,361,1308,384
849,00575.jpg,1360,800,1,403,474,435,506
850,00593.jpg,1360,800,1,584,510,608,534
851,00599.jpg,1360,800,1,700,454,722,476
852,00601.jpg,1360,800,1,82,450,145,508
853,00602.jpg,1360,800,1,1268,555,1299,586
854,00602.jpg,1360,800,1,443,543,474,574
855,00603.jpg,1360,800,1,361,445,417,500
856,00604.jpg,1360,800,1,365,482,437,546
857,00605.jpg,1360,800,1,167,511,206,550
858,00605.jpg,1360,800,1,846,501,881,535
859,00606.jpg,1360,800,1,853,501,887,535
860,00607.jpg,1360,800,1,888,472,950,526
861,00608.jpg,1360,800,1,948,370,1001,420
862,00609.jpg,1360,800,1,809,507,841,539
863,00609.jpg,1360,800,1,310,512,343,546
864,00610.jpg,1360,800,1,912,525,939,553
865,00610.jpg,1360,800,1,917,553,938,574
866,00611.jpg,1360,800,1,839,488,872,521
867,00611.jpg,1360,800,1,840,520,873,552
868,00612.jpg,1360,800,1,127,521,218,612
869,00612.jpg,1360,800,1,170,374,246,451
870,00613.jpg,1360,800,1,1132,561,1169,598
871,00613.jpg,1360,800,1,478,546,513,581
872,00615.jpg,1360,800,1,881,530,926,572
873,00615.jpg,1360,800,1,890,572,918,600
874,00615.jpg,1360,800,1,375,531,421,574
875,00615.jpg,1360,800,1,386,571,413,600
876,00616.jpg,1360,800,1,437,558,463,584
877,00616.jpg,1360,800,1,876,541,904,569
878,00619.jpg,1360,800,1,841,415,880,450
879,00620.jpg,1360,800,1,863,425,892,454
880,00621.jpg,1360,800,1,782,443,808,469
881,00622.jpg,1360,800,1,814,424,860,465
882,00623.jpg,1360,800,1,974,374,1034,434
883,00624.jpg,1360,800,1,387,505,434,554
884,00624.jpg,1360,800,1,821,464,845,488
885,00625.jpg,1360,800,1,1037,377,1102,443
886,00626.jpg,1360,800,1,857,404,895,442
887,00626.jpg,1360,800,1,857,444,893,480
888,00628.jpg,1360,800,1,998,276,1085,363
889,00630.jpg,1360,800,1,1219,315,1285,385
890,00631.jpg,1360,800,1,799,478,834,512
891,00631.jpg,1360,800,1,794,434,839,479
892,00632.jpg,1360,800,1,101,379,147,424
893,00633.jpg,1360,800,1,290,501,360,582
894,00634.jpg,1360,800,1,525,371,570,416
895,00635.jpg,1360,800,1,826,423,864,461
896,00637.jpg,1360,800,1,868,401,916,445
897,00638.jpg,1360,800,1,914,374,953,414
898,00639.jpg,1360,800,1,289,504,337,553
899,00640.jpg,1360,800,1,1105,353,1176,424
900,00640.jpg,1360,800,1,1089,257,1187,355
901,00641.jpg,1360,800,1,26,425,68,467
902,00642.jpg,1360,800,1,860,327,934,401
903,00642.jpg,1360,800,1,434,496,457,518
904,00644.jpg,1360,800,1,76,514,130,571
905,00645.jpg,1360,800,1,1034,311,1090,367
906,00646.jpg,1360,800,1,1059,440,1090,469
907,00646.jpg,1360,800,1,560,434,590,460
908,00647.jpg,1360,800,1,611,515,633,537
909,00648.jpg,1360,800,1,346,378,414,439
910,00649.jpg,1360,800,1,819,304,866,350
911,00650.jpg,1360,800,1,1123,281,1193,350
912,00650.jpg,1360,800,1,487,515,508,537
913,00651.jpg,1360,800,1,788,339,861,405
914,00651.jpg,1360,800,1,800,404,851,456
915,00653.jpg,1360,800,1,786,418,808,441
916,00653.jpg,1360,800,1,780,380,811,411
917,00654.jpg,1360,800,1,1241,301,1297,360
918,00655.jpg,1360,800,1,935,322,984,370
919,00655.jpg,1360,800,1,544,520,564,540
920,00656.jpg,1360,800,1,574,465,599,490
921,00657.jpg,1360,800,1,991,400,1026,435
922,00658.jpg,1360,800,1,858,340,937,410
923,00659.jpg,1360,800,1,993,430,1033,470
924,00660.jpg,1360,800,1,943,422,979,458
925,00661.jpg,1360,800,1,1138,401,1169,430
926,00662.jpg,1360,800,1,948,440,993,481
927,00663.jpg,1360,800,1,830,307,896,367
928,00664.jpg,1360,800,1,842,393,886,438
929,00664.jpg,1360,800,1,849,437,880,468
930,00665.jpg,1360,800,1,693,413,742,455
931,00665.jpg,1360,800,1,557,471,579,493
932,00667.jpg,1360,800,1,737,444,764,471
933,00668.jpg,1360,800,1,1083,254,1172,340
934,00668.jpg,1360,800,1,1070,139,1187,254
935,00669.jpg,1360,800,1,899,393,949,444
936,00670.jpg,1360,800,1,997,306,1064,373
937,00671.jpg,1360,800,1,839,348,892,394
938,00671.jpg,1360,800,1,846,393,883,430
939,00672.jpg,1360,800,1,892,325,950,376
940,00672.jpg,1360,800,1,123,265,194,328
941,00673.jpg,1360,800,1,414,406,474,459
942,00674.jpg,1360,800,1,717,371,751,405
943,00675.jpg,1360,800,1,641,503,676,538
944,00675.jpg,1360,800,1,1008,388,1043,422
945,00675.jpg,1360,800,1,1012,421,1037,447
946,00678.jpg,1360,800,1,698,403,742,445
947,00679.jpg,1360,800,1,720,409,759,450
948,00679.jpg,1360,800,1,705,343,768,406
949,00680.jpg,1360,800,1,900,394,953,448
950,00680.jpg,1360,800,1,367,439,395,467
951,00681.jpg,1360,800,1,820,434,846,460
952,00682.jpg,1360,800,1,278,426,319,467
953,00682.jpg,1360,800,1,885,421,930,466
954,00682.jpg,1360,800,1,261,486,290,515
955,00683.jpg,1360,800,1,387,455,409,477
956,00683.jpg,1360,800,1,889,450,913,475
957,00685.jpg,1360,800,1,615,508,659,552
958,00686.jpg,1360,800,1,377,437,412,474
959,00688.jpg,1360,800,1,850,410,886,446
960,00688.jpg,1360,800,1,401,428,434,461
961,00689.jpg,1360,800,1,590,488,621,516
962,00689.jpg,1360,800,1,890,485,922,514
963,00690.jpg,1360,800,1,775,506,799,529
964,00691.jpg,1360,800,1,885,492,907,514
965,00691.jpg,1360,800,1,469,490,490,512
966,00692.jpg,1360,800,1,1050,357,1091,397
967,00693.jpg,1360,800,1,984,383,1024,423
968,00694.jpg,1360,800,1,808,411,841,443
969,00695.jpg,1360,800,1,793,386,824,417
970,00696.jpg,1360,800,1,717,446,737,466
971,00697.jpg,1360,800,1,944,322,1020,389
972,00698.jpg,1360,800,1,737,413,765,442
973,00699.jpg,1360,800,1,727,413,756,443
974,00700.jpg,1360,800,1,848,348,913,406
975,00701.jpg,1360,800,1,1042,396,1088,442
976,00701.jpg,1360,800,1,1032,333,1096,396
977,00702.jpg,1360,800,1,688,446,707,468
978,00703.jpg,1360,800,1,994,311,1051,363
979,00703.jpg,1360,800,1,1001,360,1042,401
980,00704.jpg,1360,800,1,766,411,793,438
981,00705.jpg,1360,800,1,955,343,991,378
982,00706.jpg,1360,800,1,866,371,899,402
983,00707.jpg,1360,800,1,907,383,943,419
984,00710.jpg,1360,800,1,1084,201,1164,283
985,00712.jpg,1360,800,1,932,361,984,413
986,00714.jpg,1360,800,1,784,313,828,357
987,00715.jpg,1360,800,1,285,346,351,412
988,00716.jpg,1360,800,1,820,335,869,386
989,00716.jpg,1360,800,1,814,266,882,335
990,00717.jpg,1360,800,1,835,435,859,459
991,00719.jpg,1360,800,1,933,390,969,427
992,00720.jpg,1360,800,1,737,429,756,448
993,00721.jpg,1360,800,1,901,354,935,385
994,00722.jpg,1360,800,1,104,364,164,418
995,00722.jpg,1360,800,1,992,330,1049,381
996,00723.jpg,1360,800,1,746,360,800,408
997,00723.jpg,1360,800,1,180,366,236,414
998,00723.jpg,1360,800,1,696,424,717,446
999,00725.jpg,1360,800,1,552,599,573,621
1000,00728.jpg,1360,800,1,498,563,532,596
1001,00729.jpg,1360,800,1,536,489,570,523
1002,00730.jpg,1360,800,1,466,443,512,490
1003,00730.jpg,1360,800,1,1053,517,1083,547
1004,00732.jpg,1360,800,1,966,528,992,554
1005,00733.jpg,1360,800,1,442,583,490,632
1006,00733.jpg,1360,800,1,508,426,543,462
1007,00733.jpg,1360,800,1,937,523,965,551
1008,00734.jpg,1360,800,1,1090,450,1166,528
1009,00736.jpg,1360,800,1,828,550,856,577
1010,00737.jpg,1360,800,1,603,444,638,476
1011,00737.jpg,1360,800,1,470,449,507,483
1012,00738.jpg,1360,800,1,555,605,584,634
1013,00740.jpg,1360,800,1,1163,510,1213,560
1014,00740.jpg,1360,800,1,489,513,534,558
1015,00740.jpg,1360,800,1,1071,554,1094,577
1016,00741.jpg,1360,800,1,438,558,465,585
1017,00741.jpg,1360,800,1,972,555,1000,583
1018,00742.jpg,1360,800,1,334,562,368,596
1019,00742.jpg,1360,800,1,960,554,995,587
1020,00744.jpg,1360,800,1,1155,536,1183,564
1021,00746.jpg,1360,800,1,1135,492,1181,537
1022,00746.jpg,1360,800,1,235,469,281,515
1023,00746.jpg,1360,800,1,236,515,280,561
1024,00746.jpg,1360,800,1,1138,537,1182,579
1025,00747.jpg,1360,800,1,298,489,345,538
1026,00747.jpg,1360,800,1,1148,506,1196,553
1027,00749.jpg,1360,800,1,301,551,346,596
1028,00749.jpg,1360,800,1,1153,546,1200,593
